Image,camera_id,label
query/0722_c1_7024.png,1,722
query/0103_c1_983.png,1,103
query/0156_c2_1507.png,2,156
query/0934_c2_9071.png,2,934
query/1305_c2_12698.png,2,1305
query/0242_c1_2342.png,1,242
query/0881_c1_8545.png,1,881
query/0319_c1_3094.png,1,319
query/0373_c1_3626.png,1,373
query/1112_c1_10819.png,1,1112
query/0280_c1_2713.png,1,280
query/1127_c1_10967.png,1,1127
query/0098_c2_938.png,2,98
query/0600_c1_5834.png,1,600
query/0460_c1_4475.png,1,460
query/0499_c2_4868.png,2,499
query/0475_c2_4632.png,2,475
query/0454_c1_4416.png,1,454
query/1293_c1_12587.png,1,1293
query/0672_c2_6546.png,2,672
query/0326_c1_3162.png,1,326
query/1028_c2_9994.png,2,1028
query/1322_c1_12843.png,1,1322
query/0496_c2_4835.png,2,496
query/1256_c1_12240.png,1,1256
query/0229_c1_2213.png,1,229
query/1227_c2_11959.png,2,1227
query/0506_c2_4934.png,2,506
query/0991_c2_9629.png,2,991
query/0564_c1_5493.png,1,564
query/1148_c1_11170.png,1,1148
query/1360_c1_13158.png,1,1360
query/0163_c1_1571.png,1,163
query/0038_c2_357.png,2,38
query/0244_c2_2367.png,2,244
query/0548_c2_5344.png,2,548
query/1451_c1_13950.png,1,1451
query/0121_c1_1160.png,1,121
query/1436_c2_13826.png,2,1436
query/1047_c2_10183.png,2,1047
query/0859_c2_8332.png,2,859
query/1114_c1_10836.png,1,1114
query/0746_c1_7262.png,1,746
query/0894_c2_8676.png,2,894
query/0218_c1_2103.png,1,218
query/0696_c2_6768.png,2,696
query/1300_c1_12648.png,1,1300
query/0851_c1_8250.png,1,851
query/0376_c2_3658.png,2,376
query/0648_c2_6311.png,2,648
query/0221_c1_2135.png,1,221
query/0988_c2_9599.png,2,988
query/0660_c2_6429.png,2,660
query/0904_c2_8776.png,2,904
query/0479_c1_4666.png,1,479
query/0028_c2_264.png,2,28
query/0883_c1_8565.png,1,883
query/1030_c1_10011.png,1,1030
query/1207_c2_11760.png,2,1207
query/0115_c1_1102.png,1,115
query/0640_c2_6234.png,2,640
query/0301_c1_2915.png,1,301
query/0965_c2_9373.png,2,965
query/0650_c1_6328.png,1,650
query/0113_c2_1084.png,2,113
query/0817_c2_7946.png,2,817
query/1008_c2_9795.png,2,1008
query/1248_c1_12156.png,1,1248
query/0566_c1_5510.png,1,566
query/1193_c2_11620.png,2,1193
query/0442_c1_4300.png,1,442
query/0544_c1_5304.png,1,544
query/0241_c1_2330.png,1,241
query/0892_c1_8652.png,1,892
query/0219_c2_2117.png,2,219
query/1190_c2_11589.png,2,1190
query/0119_c1_1138.png,1,119
query/1242_c2_12105.png,2,1242
query/1226_c1_11943.png,1,1226
query/0340_c1_3304.png,1,340
query/0866_c2_8400.png,2,866
query/1438_c1_13840.png,1,1438
query/1140_c1_11092.png,1,1140
query/0162_c2_1565.png,2,162
query/0645_c1_6276.png,1,645
query/0325_c2_3157.png,2,325
query/0717_c2_6978.png,2,717
query/1199_c2_11679.png,2,1199
query/0865_c1_8387.png,1,865
query/0398_c1_3873.png,1,398
query/0136_c2_1311.png,2,136
query/0593_c1_5769.png,1,593
query/1418_c2_13672.png,2,1418
query/0912_c2_8856.png,2,912
query/0744_c1_7240.png,1,744
query/0269_c1_2608.png,1,269
query/0824_c2_8013.png,2,824
query/0853_c1_8266.png,1,853
query/0388_c2_3774.png,2,388
query/1450_c1_13940.png,1,1450
query/0916_c1_8891.png,1,916
query/0586_c2_5710.png,2,586
query/0176_c2_1696.png,2,176
query/0284_c1_2753.png,1,284
query/1330_c1_12909.png,1,1330
query/0983_c2_9552.png,2,983
query/1096_c1_10661.png,1,1096
query/0584_c2_5692.png,2,584
query/0271_c2_2631.png,2,271
query/0409_c2_3979.png,2,409
query/0913_c1_8857.png,1,913
query/0742_c1_7222.png,1,742
query/0069_c2_659.png,2,69
query/1047_c1_10177.png,1,1047
query/1264_c2_12321.png,2,1264
query/0812_c1_7899.png,1,812
query/0467_c2_4549.png,2,467
query/0592_c2_5768.png,2,592
query/0164_c1_1581.png,1,164
query/0157_c1_1511.png,1,157
query/1078_c1_10481.png,1,1078
query/0214_c1_2066.png,1,214
query/0041_c1_385.png,1,41
query/0557_c1_5428.png,1,557
query/0147_c2_1419.png,2,147
query/0673_c1_6550.png,1,673
query/1193_c1_11616.png,1,1193
query/1227_c1_11952.png,1,1227
query/0518_c1_5051.png,1,518
query/0127_c2_1224.png,2,127
query/0560_c2_5457.png,2,560
query/0841_c2_8159.png,2,841
query/0291_c1_2816.png,1,291
query/0998_c1_9691.png,1,998
query/0691_c1_6720.png,1,691
query/0239_c2_2318.png,2,239
query/0939_c1_9115.png,1,939
query/0151_c2_1455.png,2,151
query/1078_c2_10488.png,2,1078
query/0247_c1_2392.png,1,247
query/0647_c1_6297.png,1,647
query/0419_c1_4070.png,1,419
query/0076_c2_723.png,2,76
query/1063_c2_10343.png,2,1063
query/0316_c2_3067.png,2,316
query/0529_c1_5156.png,1,529
query/0413_c1_4014.png,1,413
query/0860_c1_8340.png,1,860
query/0706_c2_6870.png,2,706
query/0559_c2_5449.png,2,559
query/0772_c2_7522.png,2,772
query/0922_c1_8950.png,1,922
query/1134_c2_11042.png,2,1134
query/0152_c1_1461.png,1,152
query/0375_c1_3646.png,1,375
query/0929_c2_9020.png,2,929
query/1305_c1_12692.png,1,1305
query/0429_c2_4177.png,2,429
query/0555_c1_5408.png,1,555
query/0590_c2_5748.png,2,590
query/0638_c1_6209.png,1,638
query/0967_c2_9392.png,2,967
query/1111_c1_10807.png,1,1111
query/0216_c1_2085.png,1,216
query/1326_c1_12875.png,1,1326
query/0541_c1_5276.png,1,541
query/1162_c1_11308.png,1,1162
query/0379_c1_3683.png,1,379
query/1326_c2_12882.png,2,1326
query/1367_c2_13224.png,2,1367
query/0134_c2_1292.png,2,134
query/0980_c2_9520.png,2,980
query/0536_c2_5229.png,2,536
query/0547_c2_5333.png,2,547
query/0303_c1_2937.png,1,303
query/1406_c2_13564.png,2,1406
query/1431_c1_13780.png,1,1431
query/0055_c2_522.png,2,55
query/0805_c1_7840.png,1,805
query/0736_c2_7169.png,2,736
query/0542_c2_5291.png,2,542
query/1142_c1_11111.png,1,1142
query/1330_c2_12910.png,2,1330
query/0969_c2_9414.png,2,969
query/0112_c1_1069.png,1,112
query/1266_c1_12337.png,1,1266
query/0150_c1_1444.png,1,150
query/1213_c1_11812.png,1,1213
query/0649_c1_6317.png,1,649
query/0423_c2_4117.png,2,423
query/0951_c1_9230.png,1,951
query/0220_c2_2127.png,2,220
query/0652_c2_6349.png,2,652
query/1405_c2_13554.png,2,1405
query/0956_c2_9284.png,2,956
query/0424_c2_4127.png,2,424
query/0773_c1_7527.png,1,773
query/0721_c2_7016.png,2,721
query/1127_c2_10969.png,2,1127
query/1263_c1_12310.png,1,1263
query/0035_c1_326.png,1,35
query/0006_c2_55.png,2,6
query/0213_c1_2053.png,1,213
query/0401_c2_3905.png,2,401
query/0849_c1_8228.png,1,849
query/0410_c2_3987.png,2,410
query/0471_c1_4585.png,1,471
query/0705_c1_6854.png,1,705
query/0708_c2_6890.png,2,708
query/0931_c1_9035.png,1,931
query/1230_c2_11986.png,2,1230
query/0160_c2_1543.png,2,160
query/0545_c2_5316.png,2,545
query/0926_c2_8993.png,2,926
query/0838_c1_8130.png,1,838
query/1052_c2_10231.png,2,1052
query/1342_c1_13012.png,1,1342
query/1243_c2_12111.png,2,1243
query/0060_c2_568.png,2,60
query/0422_c1_4102.png,1,422
query/0080_c2_765.png,2,80
query/0068_c1_644.png,1,68
query/0548_c1_5339.png,1,548
query/0989_c1_9602.png,1,989
query/0159_c1_1532.png,1,159
query/0950_c2_9224.png,2,950
query/1044_c1_10147.png,1,1044
query/0635_c2_6182.png,2,635
query/0720_c1_7002.png,1,720
query/1009_c1_9802.png,1,1009
query/0182_c1_1749.png,1,182
query/0366_c1_3555.png,1,366
query/1248_c2_12164.png,2,1248
query/0807_c1_7860.png,1,807
query/0575_c1_5600.png,1,575
query/0797_c2_7767.png,2,797
query/0898_c2_8717.png,2,898
query/1002_c2_9734.png,2,1002
query/0485_c2_4729.png,2,485
query/0863_c2_8371.png,2,863
query/1407_c2_13572.png,2,1407
query/0522_c2_5095.png,2,522
query/0932_c1_9047.png,1,932
query/0372_c2_3620.png,2,372
query/1162_c2_11311.png,2,1162
query/0190_c1_1828.png,1,190
query/0014_c2_134.png,2,14
query/0166_c1_1598.png,1,166
query/0453_c1_4409.png,1,453
query/0033_c1_304.png,1,33
query/1276_c2_12442.png,2,1276
query/0646_c2_6293.png,2,646
query/1199_c1_11675.png,1,1199
query/0003_c1_22.png,1,3
query/0172_c1_1655.png,1,172
query/0909_c1_8818.png,1,909
query/0265_c1_2568.png,1,265
query/1432_c2_13791.png,2,1432
query/0614_c2_5978.png,2,614
query/0770_c2_7506.png,2,770
query/0322_c1_3126.png,1,322
query/0862_c1_8358.png,1,862
query/1026_c2_9977.png,2,1026
query/0294_c2_2850.png,2,294
query/0854_c1_8278.png,1,854
query/1004_c2_9754.png,2,1004
query/0703_c1_6835.png,1,703
query/0725_c2_7056.png,2,725
query/1343_c2_13022.png,2,1343
query/1213_c2_11819.png,2,1213
query/0193_c1_1859.png,1,193
query/0427_c2_4157.png,2,427
query/0924_c2_8972.png,2,924
query/0963_c1_9346.png,1,963
query/0749_c2_7296.png,2,749
query/0448_c1_4360.png,1,448
query/0317_c1_3075.png,1,317
query/1195_c2_11637.png,2,1195
query/0882_c2_8560.png,2,882
query/1392_c2_13456.png,2,1392
query/0726_c1_7062.png,1,726
query/0426_c1_4142.png,1,426
query/0836_c1_8114.png,1,836
query/0670_c1_6519.png,1,670
query/0099_c2_951.png,2,99
query/0834_c1_8096.png,1,834
query/1397_c1_13486.png,1,1397
query/1064_c2_10350.png,2,1064
query/0871_c1_8448.png,1,871
query/0585_c1_5695.png,1,585
query/0296_c2_2873.png,2,296
query/0473_c1_4606.png,1,473
query/0425_c1_4131.png,1,425
query/0202_c2_1952.png,2,202
query/0441_c2_4293.png,2,441
query/0682_c1_6632.png,1,682
query/0784_c1_7636.png,1,784
query/0384_c1_3733.png,1,384
query/0346_c1_3362.png,1,346
query/0573_c2_5587.png,2,573
query/0217_c2_2096.png,2,217
query/0727_c2_7076.png,2,727
query/0062_c1_583.png,1,62
query/0320_c1_3104.png,1,320
query/1125_c1_10944.png,1,1125
query/1349_c1_13070.png,1,1349
query/1300_c2_12650.png,2,1300
query/1207_c1_11751.png,1,1207
query/0292_c2_2831.png,2,292
query/0345_c2_3357.png,2,345
query/0880_c2_8540.png,2,880
query/0748_c1_7282.png,1,748
query/0135_c1_1295.png,1,135
query/0195_c2_1882.png,2,195
query/1449_c1_13932.png,1,1449
query/0054_c1_510.png,1,54
query/0440_c1_4278.png,1,440
query/0119_c2_1146.png,2,119
query/0022_c2_205.png,2,22
query/0520_c2_5074.png,2,520
query/1022_c2_9937.png,2,1022
query/0382_c2_3717.png,2,382
query/0227_c1_2191.png,1,227
query/0111_c2_1063.png,2,111
query/0672_c1_6539.png,1,672
query/0740_c1_7204.png,1,740
query/0396_c1_3853.png,1,396
query/0007_c1_59.png,1,7
query/0261_c1_2528.png,1,261
query/0827_c1_8034.png,1,827
query/0675_c2_6572.png,2,675
query/0523_c1_5097.png,1,523
query/0338_c2_3288.png,2,338
query/1010_c1_9811.png,1,1010
query/0374_c2_3641.png,2,374
query/0194_c1_1868.png,1,194
query/0165_c2_1593.png,2,165
query/1088_c2_10586.png,2,1088
query/0328_c1_3182.png,1,328
query/1265_c2_12335.png,2,1265
query/1389_c1_13425.png,1,1389
query/1190_c1_11584.png,1,1190
query/0873_c1_8468.png,1,873
query/0034_c1_313.png,1,34
query/0824_c1_8008.png,1,824
query/0269_c2_2613.png,2,269
query/0593_c2_5772.png,2,593
query/0303_c2_2939.png,2,303
query/1359_c1_13151.png,1,1359
query/0450_c1_4378.png,1,450
query/0135_c2_1302.png,2,135
query/0250_c2_2426.png,2,250
query/1075_c1_10451.png,1,1075
query/0409_c1_3976.png,1,409
query/1139_c2_11087.png,2,1139
query/0541_c2_5278.png,2,541
query/0649_c2_6321.png,2,649
query/0340_c2_3309.png,2,340
query/0460_c2_4479.png,2,460
query/0459_c2_4472.png,2,459
query/0638_c2_6213.png,2,638
query/0258_c2_2503.png,2,258
query/1159_c1_11278.png,1,1159
query/0186_c1_1791.png,1,186
query/0948_c2_9202.png,2,948
query/0557_c2_5433.png,2,557
query/1312_c2_12756.png,2,1312
query/1270_c2_12384.png,2,1270
query/1384_c2_13388.png,2,1384
query/0006_c1_49.png,1,6
query/1147_c2_11167.png,2,1147
query/1459_c2_14027.png,2,1459
query/0989_c2_9608.png,2,989
query/0696_c1_6764.png,1,696
query/0635_c1_6176.png,1,635
query/0947_c1_9191.png,1,947
query/1329_c2_12900.png,2,1329
query/0616_c1_5991.png,1,616
query/0846_c1_8198.png,1,846
query/0841_c1_8157.png,1,841
query/0461_c1_4486.png,1,461
query/1224_c2_11927.png,2,1224
query/1286_c1_12533.png,1,1286
query/1138_c2_11081.png,2,1138
query/0127_c1_1216.png,1,127
query/0648_c1_6309.png,1,648
query/0372_c1_3616.png,1,372
query/0692_c1_6726.png,1,692
query/0281_c1_2723.png,1,281
query/0213_c2_2058.png,2,213
query/0877_c1_8505.png,1,877
query/0650_c2_6330.png,2,650
query/0214_c2_2068.png,2,214
query/1068_c1_10388.png,1,1068
query/0925_c2_8984.png,2,925
query/1415_c1_13640.png,1,1415
query/0014_c1_131.png,1,14
query/0967_c1_9389.png,1,967
query/1220_c1_11884.png,1,1220
query/0099_c1_942.png,1,99
query/0666_c1_6484.png,1,666
query/0655_c1_6372.png,1,655
query/0971_c2_9432.png,2,971
query/0905_c2_8784.png,2,905
query/0732_c1_7121.png,1,732
query/0437_c2_4255.png,2,437
query/0254_c2_2464.png,2,254
query/0062_c2_591.png,2,62
query/0736_c1_7162.png,1,736
query/1422_c2_13705.png,2,1422
query/1222_c2_11908.png,2,1222
query/1131_c2_11011.png,2,1131
query/0369_c1_3586.png,1,369
query/0614_c1_5972.png,1,614
query/0358_c1_3480.png,1,358
query/0128_c2_1230.png,2,128
query/1075_c2_10458.png,2,1075
query/0585_c2_5702.png,2,585
query/1373_c2_13281.png,2,1373
query/0280_c2_2720.png,2,280
query/0180_c1_1727.png,1,180
query/0175_c2_1686.png,2,175
query/0763_c1_7432.png,1,763
query/0328_c2_3189.png,2,328
query/1188_c2_11571.png,2,1188
query/0717_c1_6974.png,1,717
query/0536_c1_5224.png,1,536
query/1145_c2_11143.png,2,1145
query/0738_c1_7184.png,1,738
query/0552_c2_5384.png,2,552
query/0831_c2_8072.png,2,831
query/0866_c1_8397.png,1,866
query/1376_c2_13313.png,2,1376
query/0669_c2_6517.png,2,669
query/0555_c2_5411.png,2,555
query/0519_c1_5060.png,1,519
query/0120_c1_1152.png,1,120
query/1385_c1_13390.png,1,1385
query/1350_c2_13082.png,2,1350
query/1062_c2_10332.png,2,1062
query/1179_c2_11481.png,2,1179
query/0586_c1_5708.png,1,586
query/0946_c2_9187.png,2,946
query/1347_c1_13053.png,1,1347
query/0237_c1_2290.png,1,237
query/1461_c1_14041.png,1,1461
query/0022_c1_201.png,1,22
query/0762_c2_7427.png,2,762
query/0991_c1_9626.png,1,991
query/0235_c1_2272.png,1,235
query/0378_c1_3670.png,1,378
query/0944_c2_9165.png,2,944
query/1375_c1_13298.png,1,1375
query/1019_c1_9902.png,1,1019
query/0255_c1_2467.png,1,255
query/0522_c1_5089.png,1,522
query/0748_c2_7289.png,2,748
query/1077_c1_10475.png,1,1077
query/1387_c1_13406.png,1,1387
query/0804_c2_7833.png,2,804
query/0505_c2_4927.png,2,505
query/1093_c1_10631.png,1,1093
query/0578_c1_5627.png,1,578
query/1398_c2_13497.png,2,1398
query/0196_c2_1895.png,2,196
query/1311_c2_12749.png,2,1311
query/0939_c2_9119.png,2,939
query/0058_c2_553.png,2,58
query/0170_c2_1640.png,2,170
query/0376_c1_3657.png,1,376
query/0682_c2_6638.png,2,682
query/1298_c1_12632.png,1,1298
query/1384_c1_13383.png,1,1384
query/0366_c2_3561.png,2,366
query/1372_c1_13273.png,1,1372
query/0893_c1_8661.png,1,893
query/0888_c2_8617.png,2,888
query/0055_c1_518.png,1,55
query/1228_c1_11965.png,1,1228
query/0147_c1_1415.png,1,147
query/1223_c1_11911.png,1,1223
query/0182_c2_1754.png,2,182
query/1197_c1_11654.png,1,1197
query/1336_c2_12964.png,2,1336
query/1049_c2_10204.png,2,1049
query/0988_c1_9596.png,1,988
query/0835_c1_8103.png,1,835
query/1371_c2_13266.png,2,1371
query/0463_c1_4507.png,1,463
query/0435_c1_4230.png,1,435
query/0758_c1_7380.png,1,758
query/1285_c2_12530.png,2,1285
query/1354_c2_13114.png,2,1354
query/0399_c1_3880.png,1,399
query/0467_c1_4544.png,1,467
query/1223_c2_11918.png,2,1223
query/1423_c2_13715.png,2,1423
query/0078_c1_739.png,1,78
query/0705_c2_6860.png,2,705
query/1174_c2_11430.png,2,1174
query/1178_c1_11464.png,1,1178
query/0054_c2_515.png,2,54
query/0609_c1_5922.png,1,609
query/1445_c2_13903.png,2,1445
query/0834_c2_8102.png,2,834
query/0882_c1_8557.png,1,882
query/0839_c2_8142.png,2,839
query/0038_c1_356.png,1,38
query/0041_c2_387.png,2,41
query/1108_c1_10781.png,1,1108
query/0453_c2_4414.png,2,453
query/0317_c2_3081.png,2,317
query/0382_c1_3709.png,1,382
query/1042_c1_10126.png,1,1042
query/0594_c2_5783.png,2,594
query/0899_c2_8723.png,2,899
query/0112_c2_1075.png,2,112
query/0070_c1_663.png,1,70
query/0172_c2_1660.png,2,172
query/0390_c2_3797.png,2,390
query/1054_c2_10251.png,2,1054
query/1276_c1_12438.png,1,1276
query/1069_c1_10398.png,1,1069
query/0076_c1_720.png,1,76
query/0338_c1_3282.png,1,338
query/1370_c1_13251.png,1,1370
query/1041_c2_10122.png,2,1041
query/0242_c2_2348.png,2,242
query/0335_c2_3256.png,2,335
query/0750_c1_7302.png,1,750
query/1179_c1_11473.png,1,1179
query/0332_c1_3221.png,1,332
query/1049_c1_10195.png,1,1049
query/0457_c2_4453.png,2,457
query/1271_c2_12391.png,2,1271
query/0032_c1_295.png,1,32
query/0843_c1_8171.png,1,843
query/0343_c2_3340.png,2,343
query/0194_c2_1872.png,2,194
query/1132_c2_11022.png,2,1132
query/0326_c2_3168.png,2,326
query/0211_c2_2042.png,2,211
query/0911_c2_8843.png,2,911
query/0956_c1_9277.png,1,956
query/0652_c1_6345.png,1,652
query/0336_c1_3262.png,1,336
query/0105_c1_1001.png,1,105
query/0636_c2_6193.png,2,636
query/0625_c2_6087.png,2,625
query/0913_c2_8862.png,2,913
query/0929_c1_9014.png,1,929
query/1037_c1_10075.png,1,1037
query/1133_c2_11031.png,2,1133
query/0397_c1_3860.png,1,397
query/0660_c1_6422.png,1,660
query/0205_c1_1979.png,1,205
query/0140_c1_1346.png,1,140
query/0904_c1_8769.png,1,904
query/1037_c2_10082.png,2,1037
query/0746_c2_7268.png,2,746
query/0319_c2_3101.png,2,319
query/1121_c1_10905.png,1,1121
query/0998_c2_9698.png,2,998
query/0301_c2_2922.png,2,301
query/0291_c2_2823.png,2,291
query/1234_c1_12022.png,1,1234
query/0903_c1_8759.png,1,903
query/0103_c2_987.png,2,103
query/1233_c2_12017.png,2,1233
query/1443_c1_13882.png,1,1443
query/0715_c1_6951.png,1,715
query/0884_c2_8577.png,2,884
query/1216_c1_11843.png,1,1216
query/0772_c1_7517.png,1,772
query/0783_c2_7634.png,2,783
query/0400_c2_3896.png,2,400
query/0469_c1_4566.png,1,469
query/1155_c1_11237.png,1,1155
query/0532_c2_5191.png,2,532
query/0337_c2_3276.png,2,337
query/0357_c2_3477.png,2,357
query/0441_c1_4289.png,1,441
query/0402_c2_3914.png,2,402
query/0784_c2_7638.png,2,784
query/0521_c2_5085.png,2,521
query/0751_c2_7316.png,2,751
query/1197_c2_11659.png,2,1197
query/0129_c1_1237.png,1,129
query/0756_c1_7361.png,1,756
query/1221_c2_11899.png,2,1221
query/0564_c2_5498.png,2,564
query/0485_c1_4725.png,1,485
query/1311_c1_12745.png,1,1311
query/0266_c1_2578.png,1,266
query/0754_c1_7340.png,1,754
query/0035_c2_330.png,2,35
query/0238_c2_2305.png,2,238
query/0818_c2_7956.png,2,818
query/0590_c1_5741.png,1,590
query/0367_c1_3564.png,1,367
query/0465_c2_4533.png,2,465
query/1025_c2_9967.png,2,1025
query/0107_c1_1021.png,1,107
query/0923_c1_8958.png,1,923
query/0769_c1_7491.png,1,769
query/0647_c2_6301.png,2,647
query/1021_c2_9924.png,2,1021
query/0651_c1_6337.png,1,651
query/0381_c2_3704.png,2,381
query/1017_c1_9882.png,1,1017
query/0790_c2_7697.png,2,790
query/0265_c2_2570.png,2,265
query/1153_c1_11218.png,1,1153
query/0665_c2_6475.png,2,665
query/1202_c1_11702.png,1,1202
query/0517_c1_5041.png,1,517
query/0980_c1_9517.png,1,980
query/1132_c1_11015.png,1,1132
query/0040_c1_373.png,1,40
query/0816_c1_7934.png,1,816
query/0068_c2_650.png,2,68
query/0873_c2_8471.png,2,873
query/1091_c1_10610.png,1,1091
query/0623_c1_6062.png,1,623
query/0530_c2_5171.png,2,530
query/0322_c2_3128.png,2,322
query/0429_c1_4168.png,1,429
query/0404_c1_3927.png,1,404
query/1013_c2_9847.png,2,1013
query/1041_c1_10115.png,1,1041
query/0190_c2_1832.png,2,190
query/1028_c1_9989.png,1,1028
query/1099_c1_10687.png,1,1099
query/1222_c1_11904.png,1,1222
query/1463_c1_14060.png,1,1463
query/0509_c1_4960.png,1,509
query/0689_c1_6698.png,1,689
query/1313_c1_12760.png,1,1313
query/1217_c1_11852.png,1,1217
query/0292_c1_2828.png,1,292
query/0570_c2_5555.png,2,570
query/0872_c1_8458.png,1,872
query/0592_c1_5762.png,1,592
query/1182_c2_11510.png,2,1182
query/0100_c2_960.png,2,100
query/1216_c2_11849.png,2,1216
query/0149_c1_1434.png,1,149
query/1259_c1_12266.png,1,1259
query/0239_c1_2312.png,1,239
query/0529_c2_5161.png,2,529
query/0259_c1_2507.png,1,259
query/0982_c1_9536.png,1,982
query/0926_c1_8988.png,1,926
query/0187_c2_1805.png,2,187
query/0871_c2_8450.png,2,871
query/1353_c2_13107.png,2,1353
query/1273_c2_12410.png,2,1273
query/0879_c1_8526.png,1,879
query/1221_c1_11892.png,1,1221
query/0227_c2_2200.png,2,227
query/0559_c1_5443.png,1,559
query/0523_c2_5104.png,2,523
query/1098_c1_10681.png,1,1098
query/0408_c2_3967.png,2,408
query/0752_c1_7321.png,1,752
query/0755_c2_7356.png,2,755
query/0699_c2_6801.png,2,699
query/0490_c2_4777.png,2,490
query/0232_c1_2245.png,1,232
query/0849_c2_8232.png,2,849
query/0999_c1_9704.png,1,999
query/0550_c2_5361.png,2,550
query/1011_c1_9820.png,1,1011
query/0730_c1_7105.png,1,730
query/1138_c1_11073.png,1,1138
query/0716_c2_6966.png,2,716
query/0365_c1_3546.png,1,365
query/1117_c1_10865.png,1,1117
query/0454_c2_4422.png,2,454
query/0740_c2_7208.png,2,740
query/1251_c1_12186.png,1,1251
query/0499_c1_4860.png,1,499
query/1232_c2_12007.png,2,1232
query/0351_c2_3416.png,2,351
query/0331_c2_3217.png,2,331
query/0827_c2_8038.png,2,827
query/0979_c2_9512.png,2,979
query/0261_c2_2530.png,2,261
query/0171_c1_1646.png,1,171
query/1007_c2_9786.png,2,1007
query/0360_c2_3504.png,2,360
query/0241_c2_2339.png,2,241
query/0840_c2_8153.png,2,840
query/0710_c2_6910.png,2,710
query/0802_c1_7811.png,1,802
query/0823_c1_8000.png,1,823
query/0562_c1_5469.png,1,562
query/0030_c2_281.png,2,30
query/0645_c2_6280.png,2,645
query/0145_c1_1396.png,1,145
query/1209_c1_11775.png,1,1209
query/0089_c1_849.png,1,89
query/0080_c1_758.png,1,80
query/1321_c1_12835.png,1,1321
query/0651_c2_6342.png,2,651
query/1108_c2_10782.png,2,1108
query/0379_c2_3684.png,2,379
query/0017_c2_157.png,2,17
query/1376_c1_13305.png,1,1376
query/0349_c1_3393.png,1,349
query/1313_c2_12764.png,2,1313
query/1385_c2_13392.png,2,1385
query/0798_c2_7780.png,2,798
query/1350_c1_13080.png,1,1350
query/0011_c1_100.png,1,11
query/1139_c1_11086.png,1,1139
query/0042_c2_396.png,2,42
query/1463_c2_14064.png,2,1463
query/1123_c2_10931.png,2,1123
query/0911_c1_8837.png,1,911
query/0442_c2_4304.png,2,442
query/0773_c2_7530.png,2,773
query/0796_c2_7758.png,2,796
query/0078_c2_746.png,2,78
query/0424_c1_4124.png,1,424
query/0951_c2_9233.png,2,951
query/1181_c1_11497.png,1,1181
query/0176_c1_1690.png,1,176
query/0150_c2_1447.png,2,150
query/0661_c2_6438.png,2,661
query/1042_c2_10131.png,2,1042
query/0111_c1_1062.png,1,111
query/1103_c1_10729.png,1,1103
query/1093_c2_10633.png,2,1093
query/0863_c1_8367.png,1,863
query/1122_c1_10916.png,1,1122
query/1398_c1_13495.png,1,1398
query/0244_c1_2362.png,1,244
query/0157_c2_1517.png,2,157
query/0129_c2_1242.png,2,129
query/0723_c1_7034.png,1,723
query/1063_c1_10337.png,1,1063
query/0033_c2_309.png,2,33
query/0643_c1_6257.png,1,643
query/0151_c1_1452.png,1,151
query/0247_c2_2395.png,2,247
query/0918_c2_8913.png,2,918
query/0473_c2_4612.png,2,473
query/1077_c2_10477.png,2,1077
query/0202_c1_1946.png,1,202
query/0320_c2_3111.png,2,320
query/0361_c1_3509.png,1,361
query/0789_c2_7688.png,2,789
query/0464_c1_4515.png,1,464
query/0267_c2_2589.png,2,267
query/0115_c2_1107.png,2,115
query/0160_c1_1541.png,1,160
query/0545_c1_5314.png,1,545
query/0894_c1_8672.png,1,894
query/0474_c2_4623.png,2,474
query/1068_c2_10389.png,2,1068
query/0653_c2_6362.png,2,653
query/0098_c1_933.png,1,98
query/1122_c2_10923.png,2,1122
query/0742_c2_7225.png,2,742
query/0836_c2_8115.png,2,836
query/0506_c1_4930.png,1,506
query/0695_c2_6758.png,2,695
query/1228_c2_11966.png,2,1228
query/1234_c2_12030.png,2,1234
query/0229_c2_2217.png,2,229
query/0426_c2_4143.png,2,426
query/0817_c1_7943.png,1,817
query/0922_c2_8956.png,2,922
query/0471_c2_4593.png,2,471
query/0445_c2_4335.png,2,445
query/0069_c1_651.png,1,69
query/0569_c2_5548.png,2,569
query/1422_c1_13704.png,1,1422
query/0675_c1_6566.png,1,675
query/0697_c2_6779.png,2,697
query/0418_c1_4063.png,1,418
query/1131_c1_11004.png,1,1131
query/0300_c1_2905.png,1,300
query/1202_c2_11711.png,2,1202
query/1054_c1_10247.png,1,1054
query/1166_c2_11349.png,2,1166
query/1128_c2_10978.png,2,1128
query/0294_c1_2847.png,1,294
query/1217_c2_11857.png,2,1217
query/1062_c1_10325.png,1,1062
query/1375_c2_13304.png,2,1375
query/1103_c2_10734.png,2,1103
query/0193_c2_1864.png,2,193
query/0343_c1_3335.png,1,343
query/0212_c1_2044.png,1,212
query/0228_c1_2202.png,1,228
query/1205_c2_11739.png,2,1205
query/1426_c2_13738.png,2,1426
query/0887_c1_8606.png,1,887
query/0060_c1_567.png,1,60
query/0224_c1_2164.png,1,224
query/0744_c2_7245.png,2,744
query/0912_c1_8847.png,1,912
query/0123_c2_1184.png,2,123
query/1232_c1_12001.png,1,1232
query/0165_c1_1591.png,1,165
query/0398_c2_3876.png,2,398
query/0542_c1_5285.png,1,542
query/0792_c2_7718.png,2,792
query/0725_c1_7055.png,1,725
query/0704_c1_6841.png,1,704
query/0892_c2_8655.png,2,892
query/1370_c2_13255.png,2,1370
query/0812_c2_7903.png,2,812
query/0885_c1_8584.png,1,885
query/0504_c1_4913.png,1,504
query/0646_c1_6286.png,1,646
query/0284_c2_2756.png,2,284
query/0494_c1_4812.png,1,494
query/0388_c1_3771.png,1,388
query/0858_c2_8321.png,2,858
query/1145_c1_11142.png,1,1145
query/1069_c2_10401.png,2,1069
query/0163_c2_1577.png,2,163
query/0597_c1_5807.png,1,597
query/1147_c1_11159.png,1,1147
query/1008_c1_9792.png,1,1008
query/0164_c2_1584.png,2,164
query/0149_c2_1440.png,2,149
query/0152_c2_1465.png,2,152
query/1336_c1_12958.png,1,1336
query/0968_c2_9401.png,2,968
query/1114_c2_10843.png,2,1114
query/0345_c1_3355.png,1,345
query/0745_c1_7250.png,1,745
query/1224_c1_11924.png,1,1224
query/0932_c2_9052.png,2,932
query/0333_c2_3238.png,2,333
query/0770_c1_7498.png,1,770
query/0217_c1_2094.png,1,217
query/0051_c2_487.png,2,51
query/1312_c1_12754.png,1,1312
query/0982_c2_9542.png,2,982
query/1159_c2_11285.png,2,1159
query/0121_c2_1166.png,2,121
query/0739_c2_7198.png,2,739
query/0166_c2_1604.png,2,166
query/0727_c1_7075.png,1,727
query/1387_c2_13412.png,2,1387
query/0296_c1_2865.png,1,296
query/0560_c1_5453.png,1,560
query/0640_c1_6226.png,1,640
query/1170_c1_11388.png,1,1170
query/1134_c1_11034.png,1,1134
query/1174_c1_11425.png,1,1174
query/1178_c2_11471.png,2,1178
query/0218_c2_2110.png,2,218
query/0419_c2_4075.png,2,419
query/1181_c2_11502.png,2,1181
query/0496_c1_4832.png,1,496
query/0566_c2_5516.png,2,566
query/0249_c2_2415.png,2,249
query/1233_c1_12013.png,1,1233
query/1443_c2_13886.png,2,1443
query/0670_c2_6527.png,2,670
query/0045_c1_422.png,1,45
query/0708_c1_6885.png,1,708
query/1204_c2_11729.png,2,1204
query/1285_c1_12525.png,1,1285
query/0537_c2_5239.png,2,537
query/0558_c1_5436.png,1,558
query/1188_c1_11565.png,1,1188
query/0146_c2_1408.png,2,146
query/0321_c1_3112.png,1,321
query/1426_c1_13733.png,1,1426
query/1205_c1_11732.png,1,1205
query/0907_c2_8803.png,2,907
query/0211_c1_2034.png,1,211
query/0223_c1_2155.png,1,223
query/0703_c2_6837.png,2,703
query/0156_c1_1500.png,1,156
query/1220_c2_11886.png,2,1220
query/0963_c2_9350.png,2,963
query/0091_c2_872.png,2,91
query/0757_c2_7378.png,2,757
query/0924_c1_8970.png,1,924
query/1116_c1_10855.png,1,1116
query/0805_c2_7845.png,2,805
query/0726_c2_7070.png,2,726
query/1061_c1_10316.png,1,1061
query/1116_c2_10861.png,2,1116
query/0721_c1_7013.png,1,721
query/0767_c1_7469.png,1,767
query/0544_c2_5306.png,2,544
query/1209_c2_11776.png,2,1209
query/0584_c1_5686.png,1,584
query/0678_c2_6599.png,2,678
query/0077_c2_735.png,2,77
query/0396_c2_3854.png,2,396
query/0220_c1_2122.png,1,220
query/1371_c1_13263.png,1,1371
query/0174_c1_1674.png,1,174
query/0410_c1_3982.png,1,410
query/0965_c1_9365.png,1,965
query/1286_c2_12535.png,2,1286
query/1353_c1_13105.png,1,1353
query/0113_c1_1079.png,1,113
query/1043_c1_10138.png,1,1043
query/1369_c1_13239.png,1,1369
query/0159_c2_1536.png,2,159
query/0573_c1_5580.png,1,573
query/0883_c2_8567.png,2,883
query/0316_c1_3066.png,1,316
query/0599_c1_5825.png,1,599
query/0479_c2_4670.png,2,479
query/0221_c2_2137.png,2,221
query/0422_c2_4107.png,2,422
query/0236_c2_2289.png,2,236
query/0838_c2_8135.png,2,838
query/0720_c2_7006.png,2,720
query/1354_c1_13111.png,1,1354
query/1440_c2_13861.png,2,1440
query/0970_c1_9415.png,1,970
query/0575_c2_5604.png,2,575
query/1189_c1_11572.png,1,1189
query/1009_c2_9807.png,2,1009
query/1259_c2_12271.png,2,1259
query/0170_c1_1636.png,1,170
query/0807_c2_7865.png,2,807
query/0706_c1_6864.png,1,706
query/0278_c2_2700.png,2,278
query/1461_c2_14044.png,2,1461
query/0384_c2_3734.png,2,384
query/0851_c2_8252.png,2,851
query/0950_c1_9221.png,1,950
query/1415_c2_13647.png,2,1415
query/0859_c1_8330.png,1,859
query/0455_c1_4429.png,1,455
query/0346_c2_3365.png,2,346
query/0886_c2_8601.png,2,886
query/1098_c2_10683.png,2,1098
query/1121_c2_10911.png,2,1121
query/0375_c2_3652.png,2,375
query/1459_c1_14021.png,1,1459
query/0394_c1_3833.png,1,394
query/1133_c1_11025.png,1,1133
query/1359_c2_13157.png,2,1359
query/0690_c1_6708.png,1,690
query/0219_c1_2114.png,1,219
query/0475_c1_4624.png,1,475
query/0184_c1_1769.png,1,184
query/1373_c1_13279.png,1,1373
query/1091_c2_10613.png,2,1091
query/0930_c1_9024.png,1,930
query/1153_c2_11225.png,2,1153
query/0230_c2_2229.png,2,230
query/0047_c1_445.png,1,47
query/1329_c1_12899.png,1,1329
query/0862_c2_8361.png,2,862
query/0934_c1_9067.png,1,934
query/0832_c1_8077.png,1,832
query/0856_c2_8302.png,2,856
query/1445_c1_13898.png,1,1445
query/0136_c1_1304.png,1,136
query/1347_c2_13056.png,2,1347
query/0072_c2_686.png,2,72
query/0853_c2_8273.png,2,853
query/0427_c1_4150.png,1,427
query/0134_c1_1286.png,1,134
query/0829_c1_8052.png,1,829
query/0881_c2_8553.png,2,881
query/0373_c2_3632.png,2,373
query/0007_c2_63.png,2,7
query/0933_c1_9055.png,1,933
query/1166_c1_11345.png,1,1166
query/0743_c1_7234.png,1,743
query/0909_c2_8823.png,2,909
query/0749_c1_7293.png,1,749
query/1061_c2_10321.png,2,1061
query/0148_c2_1428.png,2,148
query/0028_c1_256.png,1,28
query/1004_c1_9751.png,1,1004
query/0865_c2_8390.png,2,865
query/0325_c1_3156.png,1,325
query/1225_c1_11931.png,1,1225
query/0722_c2_7030.png,2,722
query/0975_c2_9468.png,2,975
query/0086_c1_820.png,1,86
query/0547_c1_5331.png,1,547
query/1251_c2_12192.png,2,1251
query/1421_c2_13700.png,2,1421
query/1321_c2_12838.png,2,1321
query/0839_c1_8137.png,1,839
query/0491_c1_4781.png,1,491
query/1368_c1_13229.png,1,1368
query/0960_c2_9324.png,2,960
query/0310_c1_3007.png,1,310
query/0081_c2_774.png,2,81
query/0096_c1_912.png,1,96
query/0003_c2_27.png,2,3
query/0448_c2_4365.png,2,448
query/0440_c2_4283.png,2,440
query/0938_c1_9103.png,1,938
query/0195_c1_1879.png,1,195
query/0898_c1_8710.png,1,898
query/0488_c1_4752.png,1,488
query/1273_c1_12405.png,1,1273
query/1117_c2_10871.png,2,1117
query/1204_c1_11726.png,1,1204
query/0452_c1_4396.png,1,452
query/0674_c2_6563.png,2,674
query/0518_c2_5052.png,2,518
query/1270_c1_12380.png,1,1270
query/0306_c1_2963.png,1,306
query/0673_c2_6553.png,2,673
query/1421_c1_13697.png,1,1421
query/0413_c2_4016.png,2,413
query/1423_c1_13713.png,1,1423
query/0797_c1_7761.png,1,797
query/0860_c2_8343.png,2,860
query/0425_c2_4135.png,2,425
query/1182_c1_11504.png,1,1182
query/0826_c1_8024.png,1,826
query/0101_c1_964.png,1,101
query/0131_c1_1257.png,1,131
query/0691_c2_6722.png,2,691
query/0143_c2_1379.png,2,143
query/1372_c2_13275.png,2,1372
query/1298_c2_12634.png,2,1298
query/1440_c1_13857.png,1,1440
query/0401_c1_3902.png,1,401
query/1189_c2_11578.png,2,1189
query/1170_c2_11392.png,2,1170
query/1002_c1_9732.png,1,1002
query/0869_c2_8432.png,2,869
query/0423_c1_4110.png,1,423
query/1225_c2_11938.png,2,1225
query/0916_c2_8893.png,2,916
query/1266_c2_12343.png,2,1266
query/0216_c2_2086.png,2,216
query/1271_c1_12386.png,1,1271
query/0487_c2_4749.png,2,487
query/0271_c1_2627.png,1,271
query/0983_c1_9544.png,1,983
query/0902_c2_8753.png,2,902
query/1022_c1_9932.png,1,1022
query/0520_c1_5071.png,1,520
query/0822_c1_7988.png,1,822
query/0162_c1_1559.png,1,162
query/0780_c1_7597.png,1,780
query/1099_c2_10693.png,2,1099
query/1026_c1_9971.png,1,1026
query/0556_c1_5417.png,1,556
query/0304_c1_2943.png,1,304
query/0786_c1_7654.png,1,786
query/0133_c1_1276.png,1,133
query/1368_c2_13234.png,2,1368
query/0694_c1_6748.png,1,694
query/0074_c2_705.png,2,74
query/0969_c1_9407.png,1,969
query/1123_c1_10929.png,1,1123
query/0854_c2_8283.png,2,854
query/1010_c2_9814.png,2,1010
query/1128_c1_10975.png,1,1128
query/0786_c2_7660.png,2,786
query/0710_c1_6905.png,1,710
query/1240_c1_12081.png,1,1240
query/1457_c1_14002.png,1,1457
query/1096_c2_10663.png,2,1096
query/0145_c2_1397.png,2,145
query/0212_c2_2049.png,2,212
query/0798_c1_7773.png,1,798
query/0171_c2_1647.png,2,171
query/0946_c1_9181.png,1,946
query/0184_c2_1776.png,2,184
query/1418_c1_13670.png,1,1418
query/0840_c1_8146.png,1,840
query/0120_c2_1154.png,2,120
query/0230_c1_2222.png,1,230
query/0321_c2_3120.png,2,321
query/1025_c1_9959.png,1,1025
query/1307_c1_12709.png,1,1307
query/0905_c1_8780.png,1,905
query/0394_c2_3838.png,2,394
query/1019_c2_9904.png,2,1019
query/0944_c1_9163.png,1,944
query/0723_c2_7038.png,2,723
query/1365_c2_13208.png,2,1365
query/0042_c1_395.png,1,42
query/0267_c1_2584.png,1,267
query/1256_c2_12241.png,2,1256
query/0879_c2_8532.png,2,879
query/0931_c2_9041.png,2,931
query/0856_c1_8296.png,1,856
query/1435_c1_13813.png,1,1435
query/0017_c1_154.png,1,17
query/0653_c1_6353.png,1,653
query/0091_c1_866.png,1,91
query/0034_c2_318.png,2,34
query/0131_c2_1262.png,2,131
query/0758_c2_7386.png,2,758
query/0674_c1_6557.png,1,674
query/0578_c2_5634.png,2,578
query/1452_c2_13958.png,2,1452
query/0236_c1_2282.png,1,236
query/0947_c2_9195.png,2,947
query/0521_c1_5079.png,1,521
query/0884_c1_8574.png,1,884
query/0893_c2_8666.png,2,893
query/1449_c2_13936.png,2,1449
query/0616_c2_5995.png,2,616
query/0011_c2_102.png,2,11
query/0968_c1_9396.png,1,968
query/0762_c1_7420.png,1,762
query/0186_c2_1795.png,2,186
query/1168_c1_11365.png,1,1168
query/0597_c2_5809.png,2,597
query/0378_c2_3677.png,2,378
query/0537_c1_5236.png,1,537
query/0077_c1_731.png,1,77
query/0695_c1_6754.png,1,695
query/0300_c2_2909.png,2,300
query/0491_c2_4789.png,2,491
query/0655_c2_6377.png,2,655
query/0870_c2_8444.png,2,870
query/0558_c2_5439.png,2,558
query/0100_c1_952.png,1,100
query/1240_c2_12088.png,2,1240
query/1431_c2_13782.png,2,1431
query/1434_c2_13809.png,2,1434
query/1392_c1_13453.png,1,1392
query/0829_c2_8058.png,2,829
query/1405_c1_13552.png,1,1405
query/0390_c1_3791.png,1,390
query/0899_c1_8719.png,1,899
query/0051_c1_479.png,1,51
query/0763_c2_7435.png,2,763
query/0437_c1_4250.png,1,437
query/0254_c1_2461.png,1,254
query/0843_c2_8173.png,2,843
query/0123_c1_1177.png,1,123
query/1032_c1_10029.png,1,1032
query/0457_c1_4447.png,1,457
query/0530_c1_5166.png,1,530
query/0802_c2_7813.png,2,802
query/1021_c1_9919.png,1,1021
query/1111_c2_10813.png,2,1111
query/1095_c1_10648.png,1,1095
query/0224_c2_2168.png,2,224
query/0517_c2_5042.png,2,517
query/0699_c1_6793.png,1,699
query/0358_c2_3487.png,2,358
query/1301_c2_12659.png,2,1301
query/0594_c1_5778.png,1,594
query/0816_c2_7937.png,2,816
query/0832_c2_8080.png,2,832
query/1257_c2_12251.png,2,1257
query/0885_c2_8588.png,2,885
query/1107_c1_10769.png,1,1107
query/0938_c2_9109.png,2,938
query/1187_c1_11553.png,1,1187
query/1088_c1_10580.png,1,1088
query/0237_c2_2295.png,2,237
query/1265_c1_12327.png,1,1265
query/1343_c1_13019.png,1,1343
query/0367_c2_3571.png,2,367
query/1457_c2_14009.png,2,1457
query/1241_c1_12091.png,1,1241
query/1230_c1_11982.png,1,1230
query/0232_c2_2247.png,2,232
query/1349_c2_13076.png,2,1349
query/1436_c1_13824.png,1,1436
query/0281_c2_2730.png,2,281
query/0999_c2_9706.png,2,999
query/0096_c2_917.png,2,96
query/0255_c2_2476.png,2,255
query/0636_c1_6187.png,1,636
query/0716_c1_6964.png,1,716
query/0609_c2_5926.png,2,609
query/1241_c2_12099.png,2,1241
query/0469_c2_4573.png,2,469
query/0903_c2_8765.png,2,903
query/0040_c2_380.png,2,40
query/1263_c2_12314.png,2,1263
query/0306_c2_2969.png,2,306
query/1264_c1_12320.png,1,1264
query/0030_c1_273.png,1,30
query/0532_c1_5184.png,1,532
query/0196_c1_1890.png,1,196
query/1043_c2_10143.png,2,1043
query/0505_c1_4923.png,1,505
query/0490_c1_4774.png,1,490
query/0140_c2_1347.png,2,140
query/0070_c2_669.png,2,70
query/0835_c2_8106.png,2,835
query/0259_c2_2511.png,2,259
query/0918_c1_8909.png,1,918
query/0074_c1_700.png,1,74
query/0888_c1_8613.png,1,888
query/1023_c1_9939.png,1,1023
query/0408_c1_3964.png,1,408
query/1097_c2_10672.png,2,1097
query/0730_c2_7106.png,2,730
query/0880_c1_8534.png,1,880
query/1030_c2_10013.png,2,1030
query/0235_c2_2276.png,2,235
query/0081_c1_770.png,1,81
query/1451_c2_13953.png,2,1451
query/1155_c2_11244.png,2,1155
query/0399_c2_3885.png,2,399
query/1081_c1_10511.png,1,1081
query/0767_c2_7475.png,2,767
query/1142_c2_11114.png,2,1142
query/0732_c2_7127.png,2,732
query/0465_c1_4527.png,1,465
query/0404_c2_3931.png,2,404
query/0250_c1_2421.png,1,250
query/0669_c1_6513.png,1,669
query/0979_c1_9505.png,1,979
query/0690_c2_6715.png,2,690
query/1095_c2_10655.png,2,1095
query/0697_c1_6776.png,1,697
query/1307_c2_12717.png,2,1307
query/0887_c2_8609.png,2,887
query/0304_c2_2949.png,2,304
query/0223_c2_2159.png,2,223
query/0822_c2_7996.png,2,822
query/0975_c1_9463.png,1,975
query/0556_c2_5419.png,2,556
query/1257_c1_12248.png,1,1257
query/0278_c1_2692.png,1,278
query/1293_c2_12594.png,2,1293
query/0623_c2_6064.png,2,623
query/1319_c1_12815.png,1,1319
query/1195_c1_11635.png,1,1195
query/1450_c2_13944.png,2,1450
query/0332_c2_3230.png,2,332
query/0790_c1_7693.png,1,790
query/0133_c2_1278.png,2,133
query/0228_c2_2209.png,2,228
query/0058_c1_548.png,1,58
query/0665_c1_6471.png,1,665
query/0569_c1_5543.png,1,569
query/0754_c2_7344.png,2,754
query/0678_c1_6595.png,1,678
query/1406_c1_13561.png,1,1406
query/0418_c2_4068.png,2,418
query/1438_c2_13846.png,2,1438
query/0902_c1_8749.png,1,902
query/0796_c1_7752.png,1,796
query/0930_c2_9029.png,2,930
query/1434_c1_13806.png,1,1434
query/1367_c1_13221.png,1,1367
query/0751_c1_7312.png,1,751
query/0756_c2_7365.png,2,756
query/1365_c1_13206.png,1,1365
query/1342_c2_13013.png,2,1342
query/0249_c1_2409.png,1,249
query/1331_c2_12922.png,2,1331
query/1044_c2_10153.png,2,1044
query/0869_c1_8428.png,1,869
query/0488_c2_4761.png,2,488
query/1435_c2_13821.png,2,1435
query/0780_c2_7604.png,2,780
query/0047_c2_447.png,2,47
query/0361_c2_3516.png,2,361
query/0970_c2_9419.png,2,970
query/1407_c1_13566.png,1,1407
query/0789_c1_7683.png,1,789
query/0755_c1_7351.png,1,755
query/0357_c1_3473.png,1,357
query/0752_c2_7326.png,2,752
query/1397_c2_13490.png,2,1397
query/0397_c2_3865.png,2,397
query/1360_c2_13163.png,2,1360
query/0599_c2_5829.png,2,599
query/0089_c2_854.png,2,89
query/0402_c1_3911.png,1,402
query/0474_c1_4615.png,1,474
query/1064_c1_10347.png,1,1064
query/0455_c2_4431.png,2,455
query/0461_c2_4491.png,2,461
query/1081_c2_10520.png,2,1081
query/0739_c1_7190.png,1,739
query/0948_c1_9200.png,1,948
query/0174_c2_1679.png,2,174
query/0570_c1_5552.png,1,570
query/0872_c2_8463.png,2,872
query/0625_c1_6083.png,1,625
query/0365_c2_3554.png,2,365
query/1452_c1_13956.png,1,1452
query/0925_c1_8978.png,1,925
query/1052_c1_10225.png,1,1052
query/0745_c2_7258.png,2,745
query/0877_c2_8512.png,2,877
query/1412_c2_13618.png,2,1412
query/0666_c2_6487.png,2,666
query/1140_c2_11095.png,2,1140
query/1065_c1_10354.png,1,1065
query/1013_c1_9840.png,1,1013
query/1432_c1_13790.png,1,1432
query/0360_c1_3502.png,1,360
query/0960_c1_9316.png,1,960
query/0870_c1_8439.png,1,870
query/0258_c1_2501.png,1,258
query/0238_c1_2300.png,1,238
query/0045_c2_430.png,2,45
query/0336_c2_3266.png,2,336
query/0487_c1_4746.png,1,487
query/0310_c2_3009.png,2,310
query/0101_c2_970.png,2,101
query/0450_c2_4385.png,2,450
query/0349_c2_3398.png,2,349
query/0335_c1_3252.png,1,335
query/0148_c1_1426.png,1,148
query/0128_c1_1227.png,1,128
query/0180_c2_1732.png,2,180
query/0032_c2_301.png,2,32
query/0600_c2_5841.png,2,600
query/0704_c2_6849.png,2,704
query/0792_c1_7712.png,1,792
query/0769_c2_7496.png,2,769
query/1187_c2_11561.png,2,1187
query/0823_c2_8004.png,2,823
query/1242_c1_12100.png,1,1242
query/0923_c2_8963.png,2,923
query/1226_c2_11946.png,2,1226
query/0757_c1_7373.png,1,757
query/1322_c2_12847.png,2,1322
query/0331_c1_3213.png,1,331
query/0351_c1_3412.png,1,351
query/0494_c2_4818.png,2,494
query/0661_c1_6431.png,1,661
query/1007_c1_9782.png,1,1007
query/1319_c2_12822.png,2,1319
query/0818_c1_7951.png,1,818
query/0846_c2_8204.png,2,846
query/0266_c2_2580.png,2,266
query/0971_c1_9427.png,1,971
query/0333_c1_3232.png,1,333
query/0643_c2_6262.png,2,643
query/1243_c1_12107.png,1,1243
query/1369_c2_13245.png,2,1369
query/0692_c2_6733.png,2,692
query/0804_c1_7830.png,1,804
query/0907_c1_8798.png,1,907
query/0783_c1_7627.png,1,783
query/0435_c2_4232.png,2,435
query/0337_c1_3271.png,1,337
query/1168_c2_11369.png,2,1168
query/0826_c2_8029.png,2,826
query/1097_c1_10669.png,1,1097
query/0463_c2_4510.png,2,463
query/0072_c1_679.png,1,72
query/1148_c2_11175.png,2,1148
query/1331_c1_12914.png,1,1331
query/1023_c2_9944.png,2,1023
query/1412_c1_13613.png,1,1412
query/0452_c2_4402.png,2,452
query/0400_c1_3890.png,1,400
query/0086_c2_822.png,2,86
query/0187_c1_1801.png,1,187
query/0205_c2_1981.png,2,205
query/0715_c2_6957.png,2,715
query/0464_c2_4520.png,2,464
query/0105_c2_1006.png,2,105
query/0689_c2_6703.png,2,689
query/1125_c2_10951.png,2,1125
query/1011_c2_9825.png,2,1011
query/0550_c1_5358.png,1,550
query/0143_c1_1375.png,1,143
query/1112_c2_10820.png,2,1112
query/0519_c2_5062.png,2,519
query/1301_c1_12656.png,1,1301
query/0107_c2_1027.png,2,107
query/0738_c2_7186.png,2,738
query/0146_c1_1402.png,1,146
query/0831_c1_8070.png,1,831
query/0552_c1_5379.png,1,552
query/0459_c1_4467.png,1,459
query/0504_c2_4918.png,2,504
query/0509_c2_4964.png,2,509
query/0858_c1_8316.png,1,858
query/1389_c2_13430.png,2,1389
query/0445_c1_4328.png,1,445
query/1032_c2_10032.png,2,1032
query/1065_c2_10363.png,2,1065
query/0694_c2_6750.png,2,694
query/0743_c2_7239.png,2,743
query/0933_c2_9058.png,2,933
query/0175_c1_1684.png,1,175
query/0750_c2_7305.png,2,750
query/0886_c1_8593.png,1,886
query/0562_c2_5478.png,2,562
query/0381_c1_3702.png,1,381
query/1017_c2_9884.png,2,1017
query/0369_c2_3592.png,2,369
query/0374_c1_3633.png,1,374
query/1107_c2_10772.png,2,1107
